url,title,channel,task,estimated_skill_level,duration,notes
https://www.youtube.com/watch?v=x2J1kV-9128,Automation of FLS - are we ready?,SAGES - Minimally Invasive Surgery Videos,task1_peg_transfer,unknown,782.0,source_query=peg transfer SAGES FLS; views=408
https://www.youtube.com/watch?v=mV3-F4Qf2-Y,BASIC 4 Peg transfer,Home-made Laparoscopy,task1_peg_transfer,unknown,70.0,source_query=laparoscopic peg transfer training novice; views=110
https://www.youtube.com/watch?v=UP1Avs-Wgd0,BASIC 5 Two handed Peg transfer,Home-made Laparoscopy,task1_peg_transfer,unknown,115.0,source_query=laparoscopic peg transfer training novice; views=342
https://www.youtube.com/watch?v=Hnisd6VPlQo,Exercise L-1: sleeve-peg transfer,Green Journal,task1_peg_transfer,unknown,188.0,source_query=FLS task 1 peg transfer demonstration; views=4432
https://www.youtube.com/watch?v=60T_PDV36Qs,FES exam outcomes in year two of a proficiency-based endoscopic skills curriculum,SAGES - Minimally Invasive Surgery Videos,task1_peg_transfer,unknown,513.0,source_query=peg transfer SAGES FLS; views=196
https://www.youtube.com/watch?v=gAQPXHWqdXQ,FLS Expanded Video Tutorial Series: Task 1 - Peg Transfer,sjhsurgery,task1_peg_transfer,expert,236.0,source_query=FLS task 1 peg transfer demonstration; views=66698
https://www.youtube.com/watch?v=tbYGIxMgzKo,FLS Expanded Video Tutorial: Overview,sjhsurgery,task1_peg_transfer,expert,139.0,source_query=FLS task 1 peg transfer demonstration; views=5660
https://www.youtube.com/watch?v=kJyq-qLDz1Q,FLS Laparoscopic Peg Transfer,Paul Salem,task1_peg_transfer,unknown,18.0,source_query=FLS task 1 peg transfer demonstration; views=1049
https://www.youtube.com/watch?v=H5DZst68mMc,FLS Manual Skills Task Instructions,SAGES Fundamentals,task1_peg_transfer,unknown,537.0,source_query=FLS task 1 peg transfer demonstration; views=22730
https://www.youtube.com/watch?v=M4PSjXlHvi4,FLS Manual Skills: Materials and Setup,SAGES Fundamentals,task1_peg_transfer,unknown,291.0,source_query=FLS task 1 peg transfer demonstration; views=1750
https://www.youtube.com/watch?v=COQ0eVwyJ1I,Fls peg transfer,Joia Verde,task1_peg_transfer,unknown,49.0,source_query=FLS task 1 peg transfer demonstration; views=777
https://www.youtube.com/watch?v=Z999qFPLfGs,FLS Peg Transfer - Tips and Tricks,DAOperates,task1_peg_transfer,unknown,120.0,source_query=FLS task 1 peg transfer demonstration; views=2432
https://www.youtube.com/watch?v=19FRvCm3NWI,FLS Peg Transfer Task,Paul Salem,task1_peg_transfer,unknown,20.0,source_query=FLS task 1 peg transfer demonstration; views=2707
https://www.youtube.com/watch?v=85dQY7Nz14A,FLS Peg Transfer Tips and Tricks,William Yi,task1_peg_transfer,unknown,163.0,source_query=FLS task 1 peg transfer demonstration; views=250
https://www.youtube.com/watch?v=uGjoHzX0Wcw,FLS surgical peg transfer task by expert surgeon,Minho Hwang,task1_peg_transfer,expert,109.0,source_query=FLS task 1 peg transfer demonstration; views=294
https://www.youtube.com/watch?v=zjS2U-kQPAs,FLS surgical peg transfer task by volunteer,Minho Hwang,task1_peg_transfer,unknown,173.0,source_query=FLS task 1 peg transfer demonstration; views=220
https://www.youtube.com/watch?v=E6d80uknJAc,FLS Tips and Tricks Manual Skills Exam All Tasks (Fundamentals of Laparoscopic Surgery),Brandon Chen MD,task1_peg_transfer,unknown,381.0,source_query=FLS task 1 peg transfer demonstration; views=9027
https://www.youtube.com/watch?v=ROUGZ79Paxk,FLS Trainer Skill Exercises,VTi Medical,task1_peg_transfer,unknown,381.0,source_query=FLS task 1 peg transfer demonstration; views=46747
https://www.youtube.com/watch?v=q5lS0G3udjU,FLS Tutorial Peg Transfer,MediSimulator,task1_peg_transfer,expert,153.0,source_query=FLS task 1 peg transfer demonstration; views=106
https://www.youtube.com/watch?v=SVcfr5QBDCQ,"FLS, FES, FUSE - Use of Proficiency Based Simulation Curricula in Surgical Training and for Thos...",SAGES - Minimally Invasive Surgery Videos,task1_peg_transfer,unknown,850.0,source_query=peg transfer SAGES FLS; views=185
https://www.youtube.com/watch?v=cxIOhJC-fUk,Fundamentals for the Use of Surgical Energy (FUSE): Introduction,SAGES - Minimally Invasive Surgery Videos,task1_peg_transfer,unknown,549.0,source_query=peg transfer SAGES FLS; views=363
https://www.youtube.com/watch?v=wehSpaAG25s,Fundamentals of Laparoscopic Surgery (FLS) Tips and Tricks Task 1 Peg Transfer,Channel name,task1_peg_transfer,unknown,311.0,source_query=FLS task 1 peg transfer demonstration; views=88
https://www.youtube.com/watch?v=tiVgyM1aHP8,LAP-X - Novice I - Needle Transfer,MEDICAL-X,task1_peg_transfer,novice,95.0,source_query=laparoscopic peg transfer training novice; views=220
https://www.youtube.com/watch?v=hG5_nZcR6NU,LAP-X - Novice II - Needle Guidance,MEDICAL-X,task1_peg_transfer,novice,216.0,source_query=laparoscopic peg transfer training novice; views=615
https://www.youtube.com/watch?v=Y3Bn_yX8GG8,LAP-X - Novice II - Peg Transfer,MEDICAL-X,task1_peg_transfer,novice,244.0,source_query=laparoscopic peg transfer training novice; views=2118
https://www.youtube.com/watch?v=ynWwTN2tC7s,LAP-X - Novice II - Peg Transfer Left Handed,MEDICAL-X,task1_peg_transfer,novice,112.0,source_query=laparoscopic peg transfer training novice; views=411
https://www.youtube.com/watch?v=bowpTZqnQOI,LAP-X - Novice II - Peg Transfer Left Handed,MEDICAL-X,task1_peg_transfer,novice,192.0,source_query=laparoscopic peg transfer training novice; views=225
https://www.youtube.com/watch?v=8x0UYpC5b6U,LAP-X - Novice II - Peg Transfer Right Handed,MEDICAL-X,task1_peg_transfer,novice,153.0,source_query=laparoscopic peg transfer training novice; views=457
https://www.youtube.com/watch?v=VwFzFKhjO2I,LAP-X - Novice II - Peg Transfer Right Handed,MEDICAL-X,task1_peg_transfer,novice,266.0,source_query=laparoscopic peg transfer training novice; views=152
https://www.youtube.com/watch?v=0BC2PoYqteQ,Laparoscopic Peg Transfer,Paul Salem,task1_peg_transfer,unknown,26.0,source_query=FLS task 1 peg transfer demonstration; views=1170
https://www.youtube.com/watch?v=Orp_c2VsqEE,Laparoscopic PEG Transfer (FLS),Cr7namu,task1_peg_transfer,unknown,37.0,source_query=FLS task 1 peg transfer demonstration; views=263
https://www.youtube.com/watch?v=p3BGNkC-F_0,Laparoscopic Peg transfer (HD),Walid sami,task1_peg_transfer,unknown,40.0,source_query=laparoscopic peg transfer training novice; views=6943
https://www.youtube.com/watch?v=2u0lqjXCiNk,Laparoscopy basic training - Suturing practice disc,Kroton Medical Technology,task1_peg_transfer,unknown,44.0,source_query=FLS peg transfer box trainer practice; views=10816
https://www.youtube.com/watch?v=nyHA5zcUKeo,Laparoscopy training bead placement,GS 최민하 AMC,task1_peg_transfer,unknown,147.0,source_query=laparoscopic peg transfer training novice; views=588
https://www.youtube.com/watch?v=xLRgwP5lHXs,LapPass Task 1 Polo Video Demo,Journal of Surgical Simulation,task1_peg_transfer,expert,258.0,source_query=FLS task 1 peg transfer demonstration; views=1052
https://www.youtube.com/watch?v=KUHES5jAKtM,LapSim Peg Transfer,Surgical Science,task1_peg_transfer,unknown,132.0,source_query=FLS task 1 peg transfer demonstration; views=376
https://www.youtube.com/watch?v=n2N4neAV_-w,LapSim Task Training: Peg Transfer A,Surgical Science,task1_peg_transfer,unknown,68.0,source_query=laparoscopic peg transfer training novice; views=964
https://www.youtube.com/watch?v=Sc3IumE-M0I,LapSim Task Training: Peg Transfer B,Surgical Science,task1_peg_transfer,unknown,123.0,source_query=laparoscopic peg transfer training novice; views=847
https://www.youtube.com/watch?v=IUK0O9y1tTA,LUS Step 1: Peg transfer,European School of Urology,task1_peg_transfer,unknown,84.0,source_query=FLS task 1 peg transfer demonstration; views=3837
https://www.youtube.com/watch?v=NA0hZhKQfrk,Peg Transfer exercise Laparoscopic Surgery Skill,Joe Lynch,task1_peg_transfer,unknown,35.0,source_query=laparoscopic peg transfer training novice; views=2780
https://www.youtube.com/watch?v=DMuaMYALR5g,PEG transfer instructions,Fernando Santos,task1_peg_transfer,unknown,102.0,source_query=FLS task 1 peg transfer demonstration; views=1069
https://www.youtube.com/watch?v=QmtHFqf55fc,PG Course: Fundamentals of Endoscopic Surgery (FES) - Lessons from FLS,SAGES - Minimally Invasive Surgery Videos,task1_peg_transfer,unknown,1507.0,source_query=peg transfer SAGES FLS; views=1531
https://www.youtube.com/watch?v=ZdUaSvqvQB0,Physician Assistant FLS Course,Providence Oregon Regional Surgery Program,task1_peg_transfer,unknown,589.0,source_query=FLS peg transfer box trainer practice; views=153
https://www.youtube.com/watch?v=pTG6VZzh-7s,SS16 Education / Simulation: S091 RANDOMIZED CONTROLLED TRIAL OF LAPAROSCOPIC PARTIAL TASKS,SAGES - Minimally Invasive Surgery Videos,task1_peg_transfer,unknown,326.0,source_query=peg transfer SAGES FLS; views=149
https://www.youtube.com/watch?v=yXEUNL_ksM0,SS16 Education / Simulation: S093 COMPARISON OF LAPAROSCOPIC SKILLS PERFORMANCE,SAGES - Minimally Invasive Surgery Videos,task1_peg_transfer,unknown,361.0,source_query=peg transfer SAGES FLS; views=231
https://www.youtube.com/watch?v=TaCLK8KdX3g,"Technical Skills-Development of FLS Curriculum: Gerald M. Fried, M.D.",SAGES - Minimally Invasive Surgery Videos,task1_peg_transfer,unknown,1584.0,source_query=peg transfer SAGES FLS; views=6359
https://www.youtube.com/watch?v=p9qqJZOPqS0,The stepwise training method for the basic laparoscopic skills using the 2-way web conference system,SAGES - Minimally Invasive Surgery Videos,task1_peg_transfer,unknown,556.0,source_query=peg transfer SAGES FLS; views=12372
https://www.youtube.com/watch?v=1tx5Y350nrc,Trends in the FLS certification exam over the past 9 yrs,SAGES - Minimally Invasive Surgery Videos,task1_peg_transfer,unknown,534.0,source_query=peg transfer SAGES FLS; views=321
https://www.youtube.com/watch?v=F2kn1oTrqj0,VBLaST Peg Transfer Task,acor lab,task1_peg_transfer,unknown,82.0,source_query=FLS task 1 peg transfer demonstration; views=2463
https://www.youtube.com/watch?v=YWL2FesA0a4,6. iSurgicals - Laparoscopic Precise Dissection,iSurgicals,task2_pattern_cut,unknown,39.0,source_query=precision cutting laparoscopic training; views=4810
https://www.youtube.com/watch?v=4L4bfOJgDSk,A novel laparoscopic simulation platform,Green Journal,task2_pattern_cut,unknown,354.0,source_query=laparoscopic pattern cutting box trainer; views=1061
https://www.youtube.com/watch?v=XkGYp7T9vQk,BASIC 6 Cutting glove,Home-made Laparoscopy,task2_pattern_cut,unknown,108.0,source_query=laparoscopic pattern cutting box trainer; views=501
https://www.youtube.com/watch?v=vRxWJKK7MNI,Christmas Decoration| Big Snowflake with papers|Paper Crafting  #youtubevideo #diy #christmas,Mini_Many_Arts,task2_pattern_cut,unknown,220.0,source_query=FLS pattern cut circle gauze; views=740804
https://www.youtube.com/watch?v=Aub-ajP_qWI,Circle cut,MT Cup aka Dr Lora Melman MIS Surgeon Specialist,task2_pattern_cut,unknown,151.0,source_query=extracorporeal knot pusher laparoscopic box trainer; views=1370
https://www.youtube.com/watch?v=VH_uTOzOz4U,Cobra Rope,MT Cup aka Dr Lora Melman MIS Surgeon Specialist,task2_pattern_cut,unknown,59.0,source_query=FLS pattern cut circle gauze; views=440
https://www.youtube.com/watch?v=UxKb2IQ9de0,CoreBio Laparoscopic Training Box,CoreBio Technologies 合新生物科技,task2_pattern_cut,unknown,20.0,source_query=laparoscopic pattern cutting box trainer; views=325
https://www.youtube.com/watch?v=a0-W5oX_I5s,Cutting,D Penchev,task2_pattern_cut,unknown,225.0,source_query=laparoscopic pattern cutting box trainer; views=743
https://www.youtube.com/watch?v=OA5j2l24Z7w,eoSim Precision cutting task,Farsight Channel,task2_pattern_cut,unknown,153.0,source_query=precision cutting laparoscopic training; views=1819
https://www.youtube.com/watch?v=QeZq9cHztks,Euler angles and laparoscopic surgery,Dr. Sagar Khatiwada,task2_pattern_cut,unknown,374.0,source_query=FLS pattern cut circle gauze; views=350
https://www.youtube.com/watch?v=XQ7EdhqDLx0,Exercise L-2: pattern cut,Green Journal,task2_pattern_cut,unknown,186.0,source_query=precision cutting laparoscopic training; views=9661
https://www.youtube.com/watch?v=TlDQyo-CqM4,FLS Circle Cut - Tips and Tricks,DAOperates,task2_pattern_cut,unknown,109.0,source_query=precision cutting laparoscopic training; views=6400
https://www.youtube.com/watch?v=mUBZoSO3KA8,FLS Expanded Video Tutorial Series: Task 2 - Pattern Cut,sjhsurgery,task2_pattern_cut,expert,352.0,source_query=precision cutting laparoscopic training; views=69181
https://www.youtube.com/watch?v=vSLqNx_PuMk,FLS Tutorial   Pattern Cut,Zeev Arad,task2_pattern_cut,expert,141.0,source_query=laparoscopic pattern cutting box trainer; views=205
https://www.youtube.com/watch?v=Y4QNDNwaeQc,FLS Tutorial Pattern Cut,MediSimulator,task2_pattern_cut,expert,141.0,source_query=precision cutting laparoscopic training; views=186
https://www.youtube.com/watch?v=vI5WszySD2o,How to perform cutting the perfect circular disc - LapPass task 3,Inovus Medical,task2_pattern_cut,expert,121.0,source_query=precision cutting laparoscopic training; views=549
https://www.youtube.com/watch?v=XtzlsmOWyFE,How to perform disc cutting techniques to enhance your minimally invasive surgery skills!,Inovus Medical,task2_pattern_cut,expert,253.0,source_query=precision cutting laparoscopic training; views=265
https://www.youtube.com/watch?v=tJpTKsk6hGw,LAP-X - Basic Curriculum - Basic Cutting,MEDICAL-X,task2_pattern_cut,unknown,45.0,source_query=precision cutting laparoscopic training; views=893
https://www.youtube.com/watch?v=e4MnDRENBA8,LAP-X - Basic Curriculum - Basic Cutting and Scope Right,MEDICAL-X,task2_pattern_cut,unknown,59.0,source_query=precision cutting laparoscopic training; views=412
https://www.youtube.com/watch?v=scr0WOc0pVU,LAP-X - Novice II - Cutting a Circle,MEDICAL-X,task2_pattern_cut,novice,30.0,source_query=FLS pattern cut circle gauze; views=692
https://www.youtube.com/watch?v=cpTqDQ_tTuA,LAPARO Aspire - Laparoscopic Training Box,LAPARO - Medical Simulators,task2_pattern_cut,unknown,28.0,source_query=laparoscopic pattern cutting box trainer; views=2016
https://www.youtube.com/watch?v=VuT844tTlWg,Laparoscopic Basic Skills: Flap Task,Masie Rahimi MD,task2_pattern_cut,unknown,96.0,source_query=precision cutting laparoscopic training; views=282
https://www.youtube.com/watch?v=meUbymRJJbw,Laparoscopic Basic Skills: Pattern Cut,Masie Rahimi MD,task2_pattern_cut,unknown,103.0,source_query=precision cutting laparoscopic training; views=246
https://www.youtube.com/watch?v=98wkDk8uySc,Laparoscopic Basic Skills: Post and Sleeve,Masie Rahimi MD,task2_pattern_cut,unknown,232.0,source_query=precision cutting laparoscopic training; views=375
https://www.youtube.com/watch?v=-ZnveVYCHjs,Laparoscopic Box Trainer Review (Laplay HZMIM),Christopher Maguire,task2_pattern_cut,unknown,491.0,source_query=laparoscopic pattern cutting box trainer; views=13870
https://www.youtube.com/watch?v=k2EO-yyqafY,Laparoscopic cutting training,SurgicalMasterclass,task2_pattern_cut,unknown,281.0,source_query=precision cutting laparoscopic training; views=837
https://www.youtube.com/watch?v=6tLU9kD8QUU,Laparoscopic Gauze cutting,Linda B,task2_pattern_cut,unknown,69.0,source_query=FLS pattern cut circle gauze; views=68
https://www.youtube.com/watch?v=uw7jeHbWil4,Laparoscopic Pattern cutting (HD),Walid sami,task2_pattern_cut,unknown,155.0,source_query=extracorporeal knot pusher laparoscopic box trainer; views=3571
https://www.youtube.com/watch?v=u-1LoByjK6Y,Laparoscopic trainer -,Surgylight laparoscopy,task2_pattern_cut,unknown,33.0,source_query=laparoscopic pattern cutting box trainer; views=362
https://www.youtube.com/watch?v=b0W7eW8LBKU,Laparoscopy basic training - Bead Maze,Kroton Medical Technology,task2_pattern_cut,unknown,50.0,source_query=laparoscopic pattern cutting box trainer; views=1771
https://www.youtube.com/watch?v=-NDhr8cnAd0,Laparoscopy basic training - Beads,Kroton Medical Technology,task2_pattern_cut,unknown,51.0,source_query=precision cutting laparoscopic training; views=3284
https://www.youtube.com/watch?v=1kHnyhU5E5A,Laparoscopy basic training - Cutting,Kroton Medical Technology,task2_pattern_cut,unknown,45.0,source_query=laparoscopic pattern cutting box trainer; views=4325
https://www.youtube.com/watch?v=zCMFlFlIynw,Laparoscopy basic training - JAPANESE OBSTACLE TRACK / RUBBER BANDS,Kroton Medical Technology,task2_pattern_cut,unknown,34.0,source_query=precision cutting laparoscopic training; views=5824
https://www.youtube.com/watch?v=XxaNmr5RncY,Laparoscopy training with simulator box #3,laparoscopylogist,task2_pattern_cut,unknown,254.0,source_query=laparoscopic pattern cutting box trainer; views=200
https://www.youtube.com/watch?v=EzlQwSuPryI,LapPass Task 3 Circular Pattern Cutting Video Demo,Journal of Surgical Simulation,task2_pattern_cut,expert,290.0,source_query=precision cutting laparoscopic training; views=11488
https://www.youtube.com/watch?v=9pmAgTE2UzQ,LapSim Pattern Cutting,Surgical Science,task2_pattern_cut,unknown,106.0,source_query=precision cutting laparoscopic training; views=352
https://www.youtube.com/watch?v=SQsg3KDrFYc,LapSim Task Training: Pattern Cutting,Surgical Science,task2_pattern_cut,unknown,62.0,source_query=ligating loop tutorial laparoscopic training; views=3134
https://www.youtube.com/watch?v=kwTUebJtGN8,Meet the Lapar Pro System — where cutting-edge technology meets unparalleled surgical precision.,Inovus Medical,task2_pattern_cut,unknown,153.0,source_query=precision cutting laparoscopic training; views=1310
https://www.youtube.com/watch?v=l6gQg2VbGcc,Multilateral Surgical Pattern Cutting in 2D Orthotropic Gauze with Deep RL Policies for Tensioning,UC Berkeley AUTOLAB and CAL-MR,task2_pattern_cut,unknown,83.0,source_query=FLS pattern cut circle gauze; views=1056
https://www.youtube.com/watch?v=c0nZGs2Szvc,Pattern cut   tips & tricks,Fernando Santos,task2_pattern_cut,unknown,110.0,source_query=FLS pattern cut circle gauze; views=3985
https://www.youtube.com/watch?v=5OGmvcW4PJs,Portable. Powerful. Precision training—anywhere. Meet the Pyxus HD.,Inovus Medical,task2_pattern_cut,unknown,135.0,source_query=precision cutting laparoscopic training; views=865
https://www.youtube.com/watch?v=APp50iJaC2g,"Precision in Practice: Mastering Laparoscopic Surgery at World Laparoscopy Hospital, Gurugram",World Laparoscopy Hospital,task2_pattern_cut,unknown,35.0,source_query=precision cutting laparoscopic training; views=34
https://www.youtube.com/watch?v=uHnRkkSbYV4,Task 2  Example Visualization,CompPhyLab,task2_pattern_cut,unknown,98.0,source_query=FLS pattern cut circle gauze; views=408
https://www.youtube.com/watch?v=e6WXQYHK_AY,Task 2- Tissue Cutting,michaelfuturepharoh,task2_pattern_cut,unknown,129.0,source_query=laparoscopic pattern cutting box trainer; views=198
https://www.youtube.com/watch?v=DIYsSfBAnmQ,Training Laparoscopy,Ray O'Sullivan (Surgery School),task2_pattern_cut,unknown,80.0,source_query=precision cutting laparoscopic training; views=1747
https://www.youtube.com/watch?v=gYZsYe53hm4,Training Laparoscopy - Cutting exercises,We Train Simulation Team,task2_pattern_cut,unknown,66.0,source_query=laparoscopic pattern cutting box trainer; views=187
https://www.youtube.com/watch?v=QPbiifIucCs,Unbox laparoscopic trainer box - Zhejiang Geyi Medical Instrument Co. Ltd,Zhejiang Geyi Medical,task2_pattern_cut,unknown,41.0,source_query=laparoscopic pattern cutting box trainer; views=4119
https://www.youtube.com/watch?v=ORaV-7PsAaA,URMC Laparoscopic Olympics Task 4,Jorge Carrillo,task2_pattern_cut,unknown,129.0,source_query=FLS pattern cut circle gauze; views=404
https://www.youtube.com/watch?v=Rn9jlb-XSH4,#Hamamsy #laparoscopy #roboticsurgery endoloop ligature,Hamamsy Laparoscopic Robotic surgeon بتاع المناظير,task3_endoloop,unknown,126.0,source_query=ligating loop tutorial laparoscopic training; views=322
https://www.youtube.com/watch?v=-7iWDuqJBjs,Aplicación de endoloop,Hernia Surgery Puerto Vallarta Dr. Omar Zamarripa,task3_endoloop,unknown,51.0,source_query=extracorporeal knot pusher laparoscopic box trainer; views=662
https://www.youtube.com/watch?v=jfW3H_KKOHM,Appendix endoloop and division on Inovus Lap Trainer,InovusMedical,task3_endoloop,unknown,65.0,source_query=FLS ligating loop endoloop task; views=49583
https://www.youtube.com/watch?v=XmcpIzeKQO8,Discover LapPass—the official laparoscopic skills training system by Inovus Medical.,Inovus Medical,task3_endoloop,unknown,86.0,source_query=ligating loop tutorial laparoscopic training; views=215
https://www.youtube.com/watch?v=PcFOT8flmqQ,Dr.  Huguet Laparoscopic Sigmoid Resection,"Dr. Kevin Huguet MD, FACS",task3_endoloop,unknown,273.0,source_query=laparoscopic ligating loop Penrose drain; views=43
https://www.youtube.com/watch?v=WhUtStkkYHU,Endoloop,Dr M,task3_endoloop,unknown,45.0,source_query=extracorporeal knot pusher laparoscopic box trainer; views=1265
https://www.youtube.com/watch?v=bWd1UqZAtMk,Endoloop,Dr M,task3_endoloop,unknown,45.0,source_query=FLS ligating loop endoloop task; views=105
https://www.youtube.com/watch?v=GZZjbgSyqjM,eoShare file - Endoloop,eoSim Videos eoSurgical,task3_endoloop,unknown,151.0,source_query=FLS ligating loop endoloop task; views=24
https://www.youtube.com/watch?v=_MNSy7rvXnk,FLS Expanded Video Tutorial Series: Task 3 - Ligating Loop,sjhsurgery,task3_endoloop,expert,155.0,source_query=ligating loop tutorial laparoscopic training; views=47024
https://www.youtube.com/watch?v=_Z39wNpCbo4,FLS Ligating Loop (AKA Endoloop) - Tips and Tricks,DAOperates,task3_endoloop,unknown,67.0,source_query=ligating loop tutorial laparoscopic training; views=4056
https://www.youtube.com/watch?v=IwrNTRVXuJQ,Fundamentals of laparoscopic surgery (FLS) manual skills exam: Tips and tricks,MDedge: news and insights for busy physicians,task3_endoloop,unknown,385.0,source_query=ligating loop tutorial laparoscopic training; views=21089
https://www.youtube.com/watch?v=bGXqlue469c,Fundamentals of Laparoscopic Surgery (FLS) Tips and Tricks Task 3 Ligating Loop,Channel name,task3_endoloop,unknown,148.0,source_query=ligating loop tutorial laparoscopic training; views=116
https://www.youtube.com/watch?v=ilfP0xdXEGE,Fundamentals of Laparoscopic Surgery: Pro Tips Series Part 1,Laura Homewood,task3_endoloop,unknown,395.0,source_query=ligating loop tutorial laparoscopic training; views=4225
https://www.youtube.com/watch?v=_5IukH0SX7E,Fundamentals of Laparoscopic Surgery: Pro Tips Series Part 2,Laura Homewood,task3_endoloop,unknown,386.0,source_query=ligating loop tutorial laparoscopic training; views=6729
https://www.youtube.com/watch?v=uWFU5IQ7uvw,lap suturing loop before knot lesson 3,Dr Laparoscopic,task3_endoloop,unknown,98.0,source_query=ligating loop tutorial laparoscopic training; views=136
https://www.youtube.com/watch?v=CbJoxbADbC4,Laparoscopic Hydrocele Repair,StayCurrentMD,task3_endoloop,unknown,281.0,source_query=laparoscopic ligating loop Penrose drain; views=1996
https://www.youtube.com/watch?v=saUOHTU4GQQ,Laparoscopic Repair of Common bile duct (CBD) injury,Dr. R. K. Mishra,task3_endoloop,unknown,1716.0,source_query=laparoscopic ligating loop Penrose drain; views=99714
https://www.youtube.com/watch?v=mWylAVt48WY,Laparoscopic training with using Roeder’s knot and endo loop,LapSurg Dr. M.A.I,task3_endoloop,unknown,508.0,source_query=ligating loop tutorial laparoscopic training; views=669
https://www.youtube.com/watch?v=JQznLrebcXE,Laparoscopic Training | Basic Surgery Training | Knot Formation | Knot Tying,MS CARE,task3_endoloop,unknown,308.0,source_query=ligating loop tutorial laparoscopic training; views=3912
https://www.youtube.com/watch?v=sfxTCd4Ew-8,LapSim Basic Skills: Clip Applying,Surgical Science,task3_endoloop,unknown,38.0,source_query=ligating loop tutorial laparoscopic training; views=1627
https://www.youtube.com/watch?v=LjX9cDnroi8,LapSim Basic Skills: Grasping,Surgical Science,task3_endoloop,unknown,60.0,source_query=ligating loop tutorial laparoscopic training; views=1222
https://www.youtube.com/watch?v=Hicw0ewDuBE,LapSim Basic Skills: Lifting and Grasping,Surgical Science,task3_endoloop,unknown,82.0,source_query=ligating loop tutorial laparoscopic training; views=1965
https://www.youtube.com/watch?v=b4p0OLew8cU,LapSim Ligating Loop,Surgical Science,task3_endoloop,unknown,105.0,source_query=ligating loop tutorial laparoscopic training; views=304
https://www.youtube.com/watch?v=6p7iJImkOYo,LapSim Task Training: Ligating Loop,Surgical Science,task3_endoloop,unknown,78.0,source_query=ligating loop tutorial laparoscopic training; views=2933
https://www.youtube.com/watch?v=4Vhkx-pi5mE,Ligating Loop (Multi-Use),VTi Medical,task3_endoloop,unknown,100.0,source_query=ligating loop tutorial laparoscopic training; views=13562
https://www.youtube.com/watch?v=7dh_chYpjfE,Olympus Polyloop Tutorial,TUKHS Endoscopy,task3_endoloop,expert,152.0,source_query=FLS ligating loop endoloop task; views=15416
https://www.youtube.com/watch?v=biNb8kWwgMo,Pinotti approach to the lower mediastinum  for esophageal cancer,Aniceto Baltasar Torrejon,task3_endoloop,unknown,865.0,source_query=laparoscopic ligating loop Penrose drain; views=1158
https://www.youtube.com/watch?v=yvo7mOHOd8k,POLYLOOP INSERVICE VIDEO USER RECORDED,EndoNurse Educator,task3_endoloop,unknown,110.0,source_query=FLS ligating loop endoloop task; views=50859
https://www.youtube.com/watch?v=3ookYtx7B8M,Recovery from Laparoscopic Surgery |Hindi| Dr Neera Bhan,Gynae Pedia -All About Women’s Health,task3_endoloop,unknown,372.0,source_query=laparoscopic ligating loop Penrose drain; views=246701
https://www.youtube.com/watch?v=H8ohfF-y1pQ,Skin-to-Skin Laparoscopic Pediatric Inguinal Hernia Repair at WLH | Step-by-Step Surgical Technique,Dr. R. K. Mishra,task3_endoloop,unknown,627.0,source_query=laparoscopic ligating loop Penrose drain; views=11635
https://www.youtube.com/watch?v=A04ih_YIiQs,VBLaST Virtual Ligating Loop Simulator,CeMSIM,task3_endoloop,unknown,21.0,source_query=FLS ligating loop endoloop task; views=96
https://www.youtube.com/watch?v=zVGMNa8EmDc,VIDEO ENDOLOOP,Sekretariat RS Pluit,task3_endoloop,unknown,275.0,source_query=FLS ligating loop endoloop task; views=884
https://www.youtube.com/watch?v=p2N6vhcMxc8,Basics of laparoscopic knot -tying and suturing,Dr Deepraj Bhandarkar,task4_extracorporeal_knot,unknown,906.0,source_query=extracorporeal knot pusher laparoscopic box trainer; views=21250
https://www.youtube.com/watch?v=riIVXvtH18s,Bhandarkar pusher Clark knot Pusher #doctor Surgicals Instruments #Spatula #laparoscopysurgery,RUDRA SURGICALS,task4_extracorporeal_knot,unknown,50.0,source_query=extracorporeal knot pusher laparoscopic box trainer; views=363
https://www.youtube.com/watch?v=HDZEbOmVMxg,Exercise L-3: extracorporeal tie,Green Journal,task4_extracorporeal_knot,unknown,223.0,source_query=extracorporeal knot pusher laparoscopic box trainer; views=4954
https://www.youtube.com/watch?v=_G7tKmkr_Zc,Extra Corporeal Roeder's Knot,Dr. R. K. Mishra,task4_extracorporeal_knot,unknown,133.0,source_query=FLS extracorporeal knot tying laparoscopic; views=47990
https://www.youtube.com/watch?v=Mt-TY4M8fbo,Extra Corporeal Suturing   Making Roder Knot With Assistant   External View,Journal of Surgical Simulation,task4_extracorporeal_knot,unknown,302.0,source_query=intracorporeal knot tying tutorial laparoscopic; views=78608
https://www.youtube.com/watch?v=tJjt2bPBYrc,Extracorporeal knot tying,Krisztina Bajzak,task4_extracorporeal_knot,unknown,638.0,source_query=FLS extracorporeal knot tying laparoscopic; views=3161
https://www.youtube.com/watch?v=yYnpKTGNKxc,extracorporial knot .. Elfatih's knot,"Abojabir Mohamed Elfatih, GENERAL & Lap. Surgeon",task4_extracorporeal_knot,unknown,145.0,source_query=extracorporeal knot pusher laparoscopic box trainer; views=1071
https://www.youtube.com/watch?v=CPYO5XNYiGw,FLS 1,spaceghostp99,task4_extracorporeal_knot,unknown,229.0,source_query=FLS extracorporeal knot tying laparoscopic; views=2380
https://www.youtube.com/watch?v=ie0o6_xt5ec,FLS Expanded Video Tutorial Series: Task 4 - Extracorporeal Suture,sjhsurgery,task4_extracorporeal_knot,expert,525.0,source_query=FLS intracorporeal suturing box trainer; views=76782
https://www.youtube.com/watch?v=ciGLex6_Tjc,Fundamentals of Laparoscopic Surgery (FLS) Tips and Tricks Task 4 Suture with extracorporeal knot,Channel name,task4_extracorporeal_knot,unknown,363.0,source_query=FLS extracorporeal knot tying laparoscopic; views=272
https://www.youtube.com/watch?v=prIsLxXUXa0,Laparoscopic  L Type Knot Pusher,Gynecology Instruments,task4_extracorporeal_knot,unknown,22.0,source_query=extracorporeal knot pusher laparoscopic box trainer; views=68
https://www.youtube.com/watch?v=bAEagj-IaqA,Laparoscopic Extracorporeal Knot Tie,thumbroll Medical,task4_extracorporeal_knot,unknown,17.0,source_query=extracorporeal knot pusher laparoscopic box trainer; views=2192
https://www.youtube.com/watch?v=cp1TT-tkZr8,Laparoscopic Extracorporeal Knot Tying,LapaRoEdu,task4_extracorporeal_knot,unknown,350.0,source_query=extracorporeal knot pusher laparoscopic box trainer; views=49462
https://www.youtube.com/watch?v=eOoeqEaoyiw,Laparoscopic Extracorporeal Suturing and Knot Tying,LaparoscopicSuturing,task4_extracorporeal_knot,unknown,80.0,source_query=FLS extracorporeal knot tying laparoscopic; views=22882
https://www.youtube.com/watch?v=W7QV4EFlbNw,Laparoscopic knot pusher.,Dr.Shobha.C.,task4_extracorporeal_knot,unknown,50.0,source_query=extracorporeal knot pusher laparoscopic box trainer; views=2652
https://www.youtube.com/watch?v=1f3MIPOCZsQ,Laparoscopic Slipping Knot (Laparoscopic Knot Tying & Suturing),Maurice Zwart,task4_extracorporeal_knot,unknown,103.0,source_query=extracorporeal knot pusher laparoscopic box trainer; views=17457
https://www.youtube.com/watch?v=hL5V05gAW-Y,Laparoscopic Suturing and Extracorporeal Knot Tying,SurgMedia,task4_extracorporeal_knot,unknown,335.0,source_query=intracorporeal knot tying tutorial laparoscopic; views=53973
https://www.youtube.com/watch?v=nNdMcQewMqk,Laparoscopic Training | Basic Surgery Training | Laparoscopic Knot Tying | Extracorporeal Knot,MS CARE,task4_extracorporeal_knot,unknown,242.0,source_query=extracorporeal knot pusher laparoscopic box trainer; views=1291
https://www.youtube.com/watch?v=gMj9CqI2QAI,Laparoscopy basic training - Clipping practice,Kroton Medical Technology,task4_extracorporeal_knot,unknown,44.0,source_query=extracorporeal knot pusher laparoscopic box trainer; views=1454
https://www.youtube.com/watch?v=z2NvlsMTY9Q,Laparoskopischer intrakorporaler Knoten unter Spannung,robertutube,task4_extracorporeal_knot,unknown,209.0,source_query=extracorporeal knot pusher laparoscopic box trainer; views=7431
https://www.youtube.com/watch?v=8EALX6NEhd0,MISP2009-Pt-4-Extra Corporeal Knot Tying-Ski Needle-Paluch,AndryjowiczMisp2009,task4_extracorporeal_knot,unknown,404.0,source_query=extracorporeal knot pusher laparoscopic box trainer; views=1834
https://www.youtube.com/watch?v=IpaSNcvNx5w,Suturing for FLS,Deirdre Lum,task4_extracorporeal_knot,unknown,359.0,source_query=FLS extracorporeal knot tying laparoscopic; views=536
https://www.youtube.com/watch?v=Dg2X5QRgrMg,Training Sliding Knot for Long gap thoracoscopic EA. Patkowski technique,Maximiliano Maricic MD Ped. Surgery & Simulation,task4_extracorporeal_knot,unknown,130.0,source_query=extracorporeal knot pusher laparoscopic box trainer; views=6166
https://www.youtube.com/watch?v=t8-jkG1sTlE,Asvide: Laparoscopic suture training and technique—a resident’s experience,ASVIDE,task5_intracorporeal_suturing,intermediate,418.0,source_query=laparoscopic suturing training demonstration; views=463
https://www.youtube.com/watch?v=TYkcoKhfLQY,Automatic OSATS rating of trainee skill at a pediatric laparoscopic suturing task,SAGES - Minimally Invasive Surgery Videos,task5_intracorporeal_suturing,intermediate,552.0,source_query=laparoscopic suturing training demonstration; views=379
https://www.youtube.com/watch?v=u18oEiWhFEI,Basic Skills in Laparoscopy - Needle Handling,We Lap You,task5_intracorporeal_suturing,unknown,274.0,source_query=laparoscopic suturing training demonstration; views=37031
https://www.youtube.com/watch?v=iI1bj7-6btE,Basics of Laparoscopic Suturing,Resad Paya Pasic,task5_intracorporeal_suturing,unknown,509.0,source_query=laparoscopic suturing training demonstration; views=17729
https://www.youtube.com/watch?v=Hou58_pksKA,FLS Tutorial   Intracorporeal Suture,Zeev Arad,task5_intracorporeal_suturing,expert,194.0,source_query=FLS intracorporeal suturing box trainer; views=200
https://www.youtube.com/watch?v=-30SnAwD69I,Home made Laparoscopic endotrainer ( intracorporeal suturing in Nep- Endotrainer),TeamS,task5_intracorporeal_suturing,unknown,56.0,source_query=laparoscopic box trainer novice student; views=616
https://www.youtube.com/watch?v=z-IJlHmdUUo,How to perform laparoscopic suturing - LapPass task 4,Inovus Medical,task5_intracorporeal_suturing,expert,349.0,source_query=laparoscopic suturing training demonstration; views=906
https://www.youtube.com/watch?v=xKm0JaYBtRs,How to perform laparoscopic suturing!,Inovus Medical,task5_intracorporeal_suturing,expert,229.0,source_query=laparoscopic suturing training demonstration; views=238
https://www.youtube.com/watch?v=wTsqvpJOEmk,Intracorporeal Lap Suturing & Tumble Square Knot: Advanced Techniques | Suturing Series - 9 (YTT).,Dr Strange MCh (HPB & GI Surgery),task5_intracorporeal_suturing,unknown,674.0,source_query=intracorporeal knot tying tutorial laparoscopic; views=321
https://www.youtube.com/watch?v=g8RpYG9fLoQ,Intracorporeal Laparoscopic suturing,Farsight Channel,task5_intracorporeal_suturing,unknown,255.0,source_query=intracorporeal knot tying tutorial laparoscopic; views=33526
https://www.youtube.com/watch?v=ge2HbkSn7as,Laparoscopic intracorporeal suturing,Ayman Abdelkader,task5_intracorporeal_suturing,unknown,453.0,source_query=laparoscopic intracorporeal suture practice; views=298
https://www.youtube.com/watch?v=zcxXUhK17dc,"Laparoscopic intracorporeal suturing techniques - Best Laparoscopy hospital, Hyderabad",Preeti Urology & Kidney Hospital,task5_intracorporeal_suturing,unknown,202.0,source_query=laparoscopic suturing training demonstration; views=1884
https://www.youtube.com/watch?v=UhPnOjrWE4o,Laparoscopic Mishra's Knot,Dr. R. K. Mishra,task5_intracorporeal_suturing,unknown,122.0,source_query=intracorporeal knot tying tutorial laparoscopic; views=23710
https://www.youtube.com/watch?v=Ogo4tZPqc_s,Laparoscopic Roeder's Knot,Dr. R. K. Mishra,task5_intracorporeal_suturing,unknown,110.0,source_query=laparoscopic suturing training demonstration; views=154298
https://www.youtube.com/watch?v=4S1ztKcfX58,Laparoscopic Suture Techniques and Training Series,SurgMedia,task5_intracorporeal_suturing,unknown,209.0,source_query=laparoscopic suturing training demonstration; views=8072
https://www.youtube.com/watch?v=MRS9ileP5tg,Laparoscopic suturing simplified step by step with voice over,ashwin thangavelu,task5_intracorporeal_suturing,expert,567.0,source_query=laparoscopic suturing training demonstration; views=143610
https://www.youtube.com/watch?v=SfTYRZb8ILM,Laparoscopic Tayside Knot,Dr. R. K. Mishra,task5_intracorporeal_suturing,unknown,101.0,source_query=intracorporeal knot tying tutorial laparoscopic; views=11112
https://www.youtube.com/watch?v=cUjouySqTM8,Laparoscopy: Continuous Suturing under Tension,LAPARO - Medical Simulators,task5_intracorporeal_suturing,unknown,389.0,source_query=laparoscopic suturing training demonstration; views=15644
https://www.youtube.com/watch?v=2qCBvbWBJ64,LapPass Task 4 Laparoscopic Intracorporeal Suturing and Knot Tying BCI Video,Journal of Surgical Simulation,task5_intracorporeal_suturing,unknown,131.0,source_query=laparoscopic suturing training demonstration; views=10939
https://www.youtube.com/watch?v=GzeTQZ7niok,Mishra's Knot for Laparoscopic Surgery,Dr. R. K. Mishra,task5_intracorporeal_suturing,unknown,99.0,source_query=intracorporeal knot tying tutorial laparoscopic; views=8108
https://www.youtube.com/watch?v=YX5bhdOgPqo,MISP2009-Pt-1 FLS box put together-Andryjowicz,AndryjowiczMisp2009,task5_intracorporeal_suturing,unknown,323.0,source_query=FLS intracorporeal suturing box trainer; views=144
https://www.youtube.com/watch?v=-wAAnX8MTXM,Radfar's Laparoscopic Intracorporeal knot tying technique,Forough Radfar,task5_intracorporeal_suturing,unknown,156.0,source_query=intracorporeal knot tying tutorial laparoscopic; views=218
https://www.youtube.com/watch?v=Gusm6-P45OE,Step by Step Instructions for Laparoscopic Suturing,"Kate O'Hanlan, MD",task5_intracorporeal_suturing,expert,1455.0,source_query=laparoscopic suturing training demonstration; views=281964
https://www.youtube.com/watch?v=aF63wKwD1eE,Tips for “how to win the laparoscopic suturing contests”,Kengo Hayashi,task5_intracorporeal_suturing,expert,434.0,source_query=laparoscopic suturing training demonstration; views=44418
https://www.youtube.com/watch?v=FgkL6H_uOi4,VALIDITY EVIDENCE FOR NOVEL ADVANCED LAPAROSCOPIC SUTURING TASKS,SAGES - Minimally Invasive Surgery Videos,task5_intracorporeal_suturing,unknown,497.0,source_query=laparoscopic suturing training demonstration; views=1421
https://www.youtube.com/watch?v=4kY0oY-jq2U,Virtual laparoscopic skills training guide for Fundamentals of Laparoscopic Surgery (FLS),Green Journal,task5_intracorporeal_suturing,unknown,291.0,source_query=FLS intracorporeal suturing box trainer; views=11037
https://www.youtube.com/watch?v=jUQwiUO9bdE,#ESCPTrainingMonth - laparoscopic surgery training,ESCP Video,unclassified,unknown,121.0,source_query=medical student laparoscopic simulator practice; views=71
https://www.youtube.com/watch?v=4PzmQfoAkzs,19.121 GYN - Cystotomy Repair Simulation: Transferring a Laparotomy Based Model to Laparoscopy...,SocietyLapSurgeons,unclassified,unknown,443.0,source_query=laparoscopic surgery simulator dry lab training; views=849
https://www.youtube.com/watch?v=JHPXi-60JIc,[MISIT] Arthroscopy Trainer,MISIT Lab,unclassified,unknown,29.0,source_query=laparoscopic surgery simulator dry lab training; views=219
https://www.youtube.com/watch?v=wI8Voy8kCno,Alcedo Advanced Abdominal Simulation Trainer Box,Alcedo Health,unclassified,unknown,90.0,source_query=medical student laparoscopic simulator practice; views=203
https://www.youtube.com/watch?v=o59JpbOr0mI,Alcedo Standard Laparoscopic Trainer Box Installation Tutorial,Alcedo Health,unclassified,expert,107.0,source_query=medical student laparoscopic simulator practice; views=882
https://www.youtube.com/watch?v=3EfPRIsuG2s,Best DIY Laparoscopic Training Box - Cheap and Simple,"Donavan Pham, MD",unclassified,unknown,322.0,source_query=laparoscopic box trainer novice student; views=140708
https://www.youtube.com/watch?v=gCpAQp6oDZg,Building Laparoscopic Skills with the Simsei Simulation Program,Applied Medical,unclassified,unknown,119.0,source_query=medical student laparoscopic simulator practice; views=733
https://www.youtube.com/watch?v=ShJwRU7wEuQ,Demo Day 2015: A Laparoscopic Simulator in Every Kitchen,UNeMed Corporation,unclassified,expert,903.0,source_query=medical student laparoscopic simulator practice; views=503
https://www.youtube.com/watch?v=yxJ680_SbR0,Development and hierarchical task analysis of a robotic pelvic surgery training model.,Green Journal,unclassified,unknown,349.0,source_query=laparoscopic surgery simulator dry lab training; views=1338
https://www.youtube.com/watch?v=n1ysQncwzfI,Discover the future of laparoscopic surgery with LapAR Gen 1,Inovus Medical,unclassified,unknown,144.0,source_query=laparoscopic surgery simulator dry lab training; views=1591
https://www.youtube.com/watch?v=9Rg7mZhuo_I,DIY arthroscopy kit for less than $50,Foot and Ankle Surgery Academy,unclassified,unknown,36.0,source_query=laparoscopic surgery simulator dry lab training; views=879
https://www.youtube.com/watch?v=In6DO_Mv2E0,DR-MED™ Hemispherical Laparoscopic Simulator Kit - Demo Clip 1,Bhatti10444,unclassified,expert,44.0,source_query=laparoscopic box trainer novice student; views=190
https://www.youtube.com/watch?v=FMjhFQLDVJ4,DR-MED™ Hemispherical Laparoscopic Simulator Kit - Demo Clip 2,Bhatti10444,unclassified,expert,49.0,source_query=laparoscopic box trainer novice student; views=297
https://www.youtube.com/watch?v=GZLXFdYkiwg,dry lab end-to-side anastomosis,Neal Barshes,unclassified,unknown,379.0,source_query=laparoscopic surgery simulator dry lab training; views=10612
https://www.youtube.com/watch?v=NSKqcn68cmM,Dry Lab Upper GI Endoscopy Course,IMMAST Mumbai,unclassified,unknown,59.0,source_query=laparoscopic surgery simulator dry lab training; views=105
https://www.youtube.com/watch?v=REoGnpSVm2A,Endotrainer HOME SURGERY Slim,HOME SURGERY,unclassified,unknown,46.0,source_query=laparoscopic box trainer novice student; views=511
https://www.youtube.com/watch?v=ZmyTQeQ0do0,FLS Certification Practice Test 2026 - Fundamentals of Laparoscopic Surgery All You Need to Know,Practice Test Geeks,unclassified,unknown,457.0,source_query=FLS exam practice laparoscopic skills; views=879
https://www.youtube.com/watch?v=NhNMzuvhUnc,FLS Certification Practice Test 2026: Master the Fundamentals of Laparoscopic Surgery Guide,Actualexam practice,unclassified,expert,385.0,source_query=FLS exam practice laparoscopic skills; views=4
https://www.youtube.com/watch?v=qnsl2HddIcw,FLS Practice Test 2026 Fundamentals of Laparoscopic Surgery Exam Questions & Answers,Practice Test Geeks,unclassified,unknown,723.0,source_query=FLS exam practice laparoscopic skills; views=450
https://www.youtube.com/watch?v=UWg25ef6lmE,How to learn Laparoscopic Surgery with Endo Trainer,Medical Instrument,unclassified,expert,70.0,source_query=laparoscopic box trainer novice student; views=627
https://www.youtube.com/watch?v=a-eIZIlnMik,How to make your own Cheap Endotrainer BOX with Routine Useable items in your hospital | DIY project,Dr Tayyab Riaz Ch,unclassified,expert,570.0,source_query=laparoscopic box trainer novice student; views=14277
https://www.youtube.com/watch?v=Tm8p99hP-I8,HumanX EasySurg Training System - your surgery training simulator for laparoscopic surgery,HumanX Medical Simulators,unclassified,unknown,123.0,source_query=medical student laparoscopic simulator practice; views=420
https://www.youtube.com/watch?v=zl3J5tkQIiw,HZMIM Laparoscopic Trainer Demonstration,HZMIM Fans,unclassified,expert,46.0,source_query=medical student laparoscopic simulator practice; views=1206
https://www.youtube.com/watch?v=Vs97QUgvWbk,Incorporating FLS and FES into your Residency Panel: Linking Simulation Training,SAGES - Minimally Invasive Surgery Videos,unclassified,unknown,1265.0,source_query=FLS exam practice laparoscopic skills; views=355
https://www.youtube.com/watch?v=WCxAJXfki-Y,Introducing Pro Laparoscopic Training Box - PraticMed,Praticmed,unclassified,unknown,134.0,source_query=medical student laparoscopic simulator practice; views=11950
https://www.youtube.com/watch?v=NU4Q-euYE0Q,LAP-X - Novice I - Needle Transfer,MEDICAL-X,unclassified,novice,74.0,source_query=laparoscopic box trainer novice student; views=944
https://www.youtube.com/watch?v=n_oX7R8ZrcQ,LapAR: Connected Surgical Training for Better Laparoscopic Skills & Patient Care,Inovus Medical,unclassified,unknown,81.0,source_query=medical student laparoscopic simulator practice; views=489
https://www.youtube.com/watch?v=TD5PHPb7xME,LAPARO Analytic - Laparoscopic Simulator with unique Training Analysis,LAPARO - Medical Simulators,unclassified,unknown,30.0,source_query=medical student laparoscopic simulator practice; views=755
https://www.youtube.com/watch?v=BntwicYQglo,Laparoscopic Adult Pyeloplasty - Surgical Training by Laparo,LAPARO - Medical Simulators,unclassified,unknown,44.0,source_query=laparoscopic surgery simulator dry lab training; views=4423
https://www.youtube.com/watch?v=6ONoAk7qLfI,Laparoscopic instruments for #Surgery Exams,Rohan Khandelwal,unclassified,unknown,401.0,source_query=laparoscopic box trainer novice student; views=457232
https://www.youtube.com/watch?v=ASZJ_9yjFYE,Laparoscopic Knotting and Suturing in Gynaecology Course by CEMAST,IMMAST Mumbai,unclassified,unknown,119.0,source_query=laparoscopic surgery simulator dry lab training; views=307
https://www.youtube.com/watch?v=OweA0Y-HXa8,Laparoscopic Simulator trainer,MediSimulator,unclassified,unknown,241.0,source_query=laparoscopic box trainer novice student; views=50
https://www.youtube.com/watch?v=ucLKStYxntg,Laparoscopic Simulator Trainer Training Box,ICEN GROUP,unclassified,unknown,17.0,source_query=medical student laparoscopic simulator practice; views=851
https://www.youtube.com/watch?v=M9HCh5WdOB0,Laparoscopic Simulator | Virtual Endo Trainer with Full Training Analysis JDMeditech India,JDMeditech,unclassified,unknown,1245.0,source_query=laparoscopic box trainer novice student; views=12746
https://www.youtube.com/watch?v=jnyFOb87WH0,Laparoscopic Surgery Simulator Training Equipment/Thoracoscopy Training Box Simulator Practice,"Shenzhen Centitrade Co., Ltd.",unclassified,unknown,16.0,source_query=medical student laparoscopic simulator practice; views=282
https://www.youtube.com/watch?v=v5eZpS8wVqk,laparoscopic training,Zeev Arad,unclassified,unknown,91.0,source_query=FLS exam practice laparoscopic skills; views=209
https://www.youtube.com/watch?v=182HFmhm0vY,Laparoscopic Training April 2013,World Laparoscopy Training,unclassified,unknown,206.0,source_query=laparoscopic box trainer novice student; views=120
https://www.youtube.com/watch?v=HFt3YEHhQSo,Laparoscopic Training at World Laparoscopy Hospital,Nidhi Mishra,unclassified,unknown,194.0,source_query=laparoscopic surgery simulator dry lab training; views=27
https://www.youtube.com/watch?v=1CzuWMN-w_Q,Laparoscopic Training Basic Final,Drlessismore71,unclassified,unknown,21.0,source_query=laparoscopic surgery simulator dry lab training; views=12670
https://www.youtube.com/watch?v=kk1Gzj7ZduM,Laparoscopic Training | Basic Surgery Training | Exercise for adaptation in the endoscopic surgery,MS CARE,unclassified,unknown,373.0,source_query=medical student laparoscopic simulator practice; views=9001
https://www.youtube.com/watch?v=1szzhnlyM1E,Laparoscopy basic training - Needle threading,Kroton Medical Technology,unclassified,unknown,50.0,source_query=laparoscopic surgery simulator dry lab training; views=16983
https://www.youtube.com/watch?v=qaARXeVWpso,Laparoscopy Fellowship in Minimal Access Surgery (F.MAS) Training course batch October 2022,Dr. R. K. Mishra,unclassified,unknown,39.0,source_query=laparoscopic surgery simulator dry lab training; views=5534
https://www.youtube.com/watch?v=YK9UEFzTstw,Laparoscopy Simulator | Episode 3 - Sim Series,AKU's Centre for Innovation in Medical Education,unclassified,unknown,121.0,source_query=medical student laparoscopic simulator practice; views=594
https://www.youtube.com/watch?v=FCyaeiCPlVg,Laparoscopy Surgery Training Suturing Courses Trainer - Doctor Nurse Practice,Pro-Health Product Ltd,unclassified,unknown,55.0,source_query=medical student laparoscopic simulator practice; views=223
https://www.youtube.com/watch?v=7NUh-eqS0IY,Laparoscopy training box,iModels LLC,unclassified,unknown,91.0,source_query=medical student laparoscopic simulator practice; views=952
https://www.youtube.com/watch?v=BbPe-Fnpq5s,LaparoSim Trainer,LaparoscopicSurg Channel,unclassified,unknown,99.0,source_query=medical student laparoscopic simulator practice; views=517
https://www.youtube.com/watch?v=LM-69R2idzk,"Lapstar (laparoscopic simulator), installation and use of this trainer",InfoLapstar,unclassified,unknown,165.0,source_query=laparoscopic box trainer novice student; views=3620
https://www.youtube.com/watch?v=7nv0A69MQlc,"Lapstar short, a introduction to the laparoscopic simulator and trainer",InfoLapstar,unclassified,unknown,25.0,source_query=laparoscopic box trainer novice student; views=352
https://www.youtube.com/watch?v=i_pC-LgkPIE,Lapstar* Laparoscopic Simulator or Training System Impression,InfoLapstar,unclassified,unknown,98.0,source_query=laparoscopic box trainer novice student; views=1167
https://www.youtube.com/watch?v=AB7zVugIbf0,Make your own Laparoscopic box trainer.,BMW Surgery,unclassified,unknown,843.0,source_query=laparoscopic surgery simulator dry lab training; views=25309
https://www.youtube.com/watch?v=ud8ZFbULax4,Mastering Fundamentals of Laparoscopic Surgery (FLS Course),MISSE,unclassified,unknown,974.0,source_query=FLS exam practice laparoscopic skills; views=609
https://www.youtube.com/watch?v=mCirD43KzLw,Medisimu-Laparoscopy simulator,MediSimulator,unclassified,unknown,91.0,source_query=medical student laparoscopic simulator practice; views=3067
https://www.youtube.com/watch?v=cPE3-NQPgBA,New trending laparoscopic trainer box  - Zhejiang Geyi Medical Instrument Co Ltd,Zhejiang Geyi Medical,unclassified,unknown,44.0,source_query=medical student laparoscopic simulator practice; views=11864
https://www.youtube.com/watch?v=mNCR-mo1o5U,Pass FLS Practice Test 2026 Fundamentals of Laparoscopic Surgery Exam Questions and Answers,Newestexamprep,unclassified,unknown,377.0,source_query=FLS exam practice laparoscopic skills; views=9
https://www.youtube.com/watch?v=pa4rsAq0foI,Pick Up and Drop   SIMENDO Surgery Game Series,Maurice Zwart,unclassified,unknown,87.0,source_query=laparoscopic box trainer novice student; views=652
https://www.youtube.com/watch?v=ijoFPj-CBzw,Practising for the Fundamentals of Laparoscopic Surgery (FLS) test?,Grendel Medical,unclassified,unknown,81.0,source_query=FLS exam practice laparoscopic skills; views=184
https://www.youtube.com/watch?v=lwBDrkW-sgg,Prof. Dieter Hahnloser from University Hospital Lausanne on the Ideal Laparoscopic Simulator,VirtaMed,unclassified,unknown,76.0,source_query=medical student laparoscopic simulator practice; views=794
https://www.youtube.com/watch?v=YgLD5gflNc0,Realistic laparoscopic training—without the high cost. Meet the Bozzini Simulator by Inovus Medical.,Inovus Medical,unclassified,unknown,215.0,source_query=medical student laparoscopic simulator practice; views=1193
https://www.youtube.com/watch?v=a98mOZmoa-4,Robotic Surgery Training at World Laparoscopy Hospital,Dr. R. K. Mishra,unclassified,unknown,90.0,source_query=laparoscopic surgery simulator dry lab training; views=1961
https://www.youtube.com/watch?v=XGZ6vqb2zMM,ROSIM Presentation: Virtual Reality- vs Dry Lab Robotic Surgery Training,Maurice Zwart,unclassified,unknown,714.0,source_query=laparoscopic surgery simulator dry lab training; views=361
https://www.youtube.com/watch?v=L2cVoSLmhK0,Sawbones FAST: arthroscopy training how to,Thrifty Orthopaedist,unclassified,expert,818.0,source_query=laparoscopic surgery simulator dry lab training; views=1674
https://www.youtube.com/watch?v=sVl0hRhPg5A,Sim Center: Fundamentals of Laparoscopic Surgery boxes,Eastern Virginia Medical School,unclassified,unknown,39.0,source_query=laparoscopic surgery simulator dry lab training; views=3772
https://www.youtube.com/watch?v=pZvqdNok87c,Simulation for robotic surgical systems,VirtaMed,unclassified,unknown,86.0,source_query=laparoscopic surgery simulator dry lab training; views=3369
https://www.youtube.com/watch?v=lk3vuoMrK8U,Start your laparoscopic journey with the Pyxus HD,Inovus Medical,unclassified,unknown,44.0,source_query=laparoscopic box trainer novice student; views=908
https://www.youtube.com/watch?v=Pl5TIrOtYzg,Surgical Skills Lab,LSU Health Shreveport,unclassified,unknown,78.0,source_query=laparoscopic surgery simulator dry lab training; views=1668
https://www.youtube.com/watch?v=mkz_EO5ddAk,Tour of the Surgical Simulation Training Laboratory,MCG Urology,unclassified,unknown,213.0,source_query=laparoscopic surgery simulator dry lab training; views=206
https://www.youtube.com/watch?v=GRj__XMg_Hc,Training the Next Generation of Endo-Laparoscopic Surgeons | Dr. Saurabh Dixit | MedSynapse,MedSynapse,unclassified,unknown,1505.0,source_query=laparoscopic surgery simulator dry lab training; views=33
https://www.youtube.com/watch?v=h0PWaMEWt-s,VALIDITY EVIDENCE FOR THE FUNDAMENTALS OF LAPAROSCOPIC SURGERY FLS PROGRAM AS AN ASSESSMENT TOOL A S,SAGES - Minimally Invasive Surgery Videos,unclassified,unknown,719.0,source_query=FLS exam practice laparoscopic skills; views=281
https://www.youtube.com/watch?v=42tgYza4ohQ,Virtual Simulation Lab Transforms Healthcare Training in South Africa,CCTV Video News Agency,unclassified,unknown,111.0,source_query=laparoscopic surgery simulator dry lab training; views=1352
https://www.youtube.com/watch?v=Az1aXs8YcT8,🔬 Laparoscopic Endotrainer – Master the Art of Minimally Invasive Surgery!,Medical Simulations,unclassified,expert,202.0,source_query=medical student laparoscopic simulator practice; views=688
